{
  "cifar10": {
    "DynGhost (ours)": {
      "mse_mean": 0.017905399283833338,
      "mse_std": 0.009072700123663782,
      "ssim_mean": 0.7407414648120582,
      "ssim_std": 0.06208459997454714,
      "time_mean_ms": 89.10143613815308,
      "time_std_ms": 688.4300235403836,
      "frame_mse": [
        0.012795268984473968,
        0.016550460707215844,
        0.017587592168715426,
        0.01864951666470921,
        0.018782720119550296,
        0.019325063879041995,
        0.01952156110164496,
        0.020031010645314994
      ],
      "frame_ssim": [
        0.7790007529288832,
        0.7583055355141426,
        0.7515840189574853,
        0.7436416110570545,
        0.7371055512457503,
        0.728191305230117,
        0.7203701869803338,
        0.7077327565826989
      ]
    },
    "CNN": {
      "mse_mean": 0.036849588761123785,
      "mse_std": 0.01830956314857776,
      "ssim_mean": 0.61303727975773,
      "ssim_std": 0.09728642803078906,
      "time_mean_ms": 16.57470464706421,
      "time_std_ms": 110.80761438990727
    },
    "U-Net": {
      "mse_mean": 0.06661812515123612,
      "mse_std": 0.035026413598673256,
      "ssim_mean": 0.48829275262735045,
      "ssim_std": 0.06956131559101454,
      "time_mean_ms": 10.01042366027832,
      "time_std_ms": 37.03493378695373
    },
    "GhostGPT": {
      "mse_mean": 0.018841846808280462,
      "mse_std": 0.010167257054411773,
      "ssim_mean": 0.740587667937831,
      "ssim_std": 0.06566747383314184,
      "time_mean_ms": 13.816243410110474,
      "time_std_ms": 7.327380125682662
    },
    "DGI": {
      "mse_mean": 0.07448162930811407,
      "mse_std": 0.03652030757911577,
      "ssim_mean": 0.46844960680966335,
      "ssim_std": 0.07704241067139861,
      "time_mean_ms": 90.01046021779378,
      "time_std_ms": 19.754416544855307
    },
    "PI": {
      "mse_mean": 0.09209586102792137,
      "mse_std": 0.05420718479266855,
      "ssim_mean": 0.3284549992961227,
      "ssim_std": 0.0534154317463762,
      "time_mean_ms": 14901.148811976116,
      "time_std_ms": 3473.879268342577
    },
    "FISTA": {
      "mse_mean": 0.12440127927922422,
      "mse_std": 0.06965905402893992,
      "ssim_mean": 0.2333587509436479,
      "ssim_std": 0.07636880493593314,
      "time_mean_ms": 38887.30243841807,
      "time_std_ms": 2957.561680805981
    }
  },
  "kvasir": {
    "DynGhost (ours)": {
      "mse_mean": 0.014022847090378552,
      "mse_std": 0.006822754501207291,
      "ssim_mean": 0.6111534856713235,
      "ssim_std": 0.08222766561604065,
      "time_mean_ms": 166.59492015838623,
      "time_std_ms": 92.23534521599726,
      "frame_mse": [
        0.011259349842147087,
        0.011884210683935893,
        0.012755605719282977,
        0.013545012462077545,
        0.014278434423166736,
        0.015336157627463038,
        0.016132107202481684,
        0.016991898762473468
      ],
      "frame_ssim": [
        0.635004446748324,
        0.6299703058865793,
        0.6205978835946607,
        0.6138904965959255,
        0.6081737557623101,
        0.5989431329394669,
        0.5946658633265192,
        0.5879820005168019
      ]
    },
    "CNN": {
      "mse_mean": 0.025157886004386933,
      "mse_std": 0.00973271870918241,
      "ssim_mean": 0.5654942477610606,
      "ssim_std": 0.0743380178936919,
      "time_mean_ms": 4.177122116088867,
      "time_std_ms": 10.085268271622555
    },
    "U-Net": {
      "mse_mean": 0.05534228617215201,
      "mse_std": 0.01719312189863707,
      "ssim_mean": 0.434096483317755,
      "ssim_std": 0.06283029907204256,
      "time_mean_ms": 8.180665969848633,
      "time_std_ms": 13.562585308068321
    },
    "GhostGPT": {
      "mse_mean": 0.013322545065159603,
      "mse_std": 0.008115401603332052,
      "ssim_mean": 0.6222226768745049,
      "ssim_std": 0.08722381468035816,
      "time_mean_ms": 221.5559059381485,
      "time_std_ms": 48.855841492957836
    },
    "DGI": {
      "mse_mean": 0.09065497212052871,
      "mse_std": 0.017361093923501242,
      "ssim_mean": 0.30570219292937456,
      "ssim_std": 0.046505123046328097,
      "time_mean_ms": 84.89245573679607,
      "time_std_ms": 14.251134407613556
    },
    "PI": {
      "mse_mean": 0.047735996912303326,
      "mse_std": 0.012672350351554642,
      "ssim_mean": 0.26851967621529776,
      "ssim_std": 0.05531813213224632,
      "time_mean_ms": 15824.957378705341,
      "time_std_ms": 2966.792038553636
    },
    "FISTA": {
      "mse_mean": 0.07701227819640942,
      "mse_std": 0.022770411832895156,
      "ssim_mean": 0.249276248302513,
      "ssim_std": 0.030159557400930563,
      "time_mean_ms": 40346.27041021983,
      "time_std_ms": 1708.2050879713495
    }
  }
}