{
  "mnist": {
    "DynGhost (ours)": {
      "mse_mean": 0.004500441522346415,
      "mse_std": 0.0031567984546829794,
      "ssim_mean": 0.916400343824659,
      "ssim_std": 0.023902487035942006,
      "time_mean_ms": 59.75395679473877,
      "time_std_ms": 484.3677376170779,
      "frame_mse": [
        0.0033729919831148054,
        0.003977628744605855,
        0.003990430495038693,
        0.0039697597701161364,
        0.004292924727926321,
        0.005006806378916449,
        0.005459968264409766,
        0.005933021814643292
      ],
      "frame_ssim": [
        0.9220502018274322,
        0.9184557006606009,
        0.9175305366555494,
        0.9177440881435999,
        0.9166592097696551,
        0.9137417042801352,
        0.912821835969305,
        0.9121994732909953
      ]
    },
    "HaarGhost": {
      "mse_mean": 0.006358286229857564,
      "mse_std": 0.0041662459719037015,
      "ssim_mean": 0.9076686573734158,
      "ssim_std": 0.028344779263229477,
      "time_mean_ms": 13.70936393737793,
      "time_std_ms": 23.646950539905344
    },
    "FISTAWarmDynGhost": {
      "mse_mean": 0.008090820114318567,
      "mse_std": 0.00543748245992293,
      "ssim_mean": 0.9117961152935592,
      "ssim_std": 0.028605708522185216,
      "time_mean_ms": 23.73453140258789,
      "time_std_ms": 110.64855891373396,
      "frame_mse": [
        0.005841993697791707,
        0.00649416598461462,
        0.006778309237104389,
        0.007520149464089208,
        0.008132154774026864,
        0.009179003311777907,
        0.009777438162282352,
        0.01100334628286149
      ],
      "frame_ssim": [
        0.9187106923905185,
        0.9153901182621486,
        0.9148923987167215,
        0.9127801666499115,
        0.9106858076975931,
        0.9084993937660398,
        0.9080419727188052,
        0.9053683721467362
      ]
    },
    "DGI": {
      "mse_mean": 0.1800969738487162,
      "mse_std": 0.032233830648302916,
      "ssim_mean": 0.05834020339979172,
      "ssim_std": 0.016006041838706297,
      "time_mean_ms": 43.11933517456055,
      "time_std_ms": 0.7431127778000418
    },
    "PI": {
      "mse_mean": 0.08059974773540925,
      "mse_std": 0.017996484012040858,
      "ssim_mean": 0.07752059117154507,
      "ssim_std": 0.015776314361667917,
      "time_mean_ms": 2299.587527910868,
      "time_std_ms": 684.0304627169743
    },
    "FISTA": {
      "mse_mean": 0.04059002956910631,
      "mse_std": 0.015417047895728404,
      "ssim_mean": 0.3713376222935623,
      "ssim_std": 0.04321493585561698,
      "time_mean_ms": 8025.326681137084,
      "time_std_ms": 163.7986168667469
    }
  }
}