{
  "mnist": {
    "DynGhost (ours)": {
      "mse_mean": 0.3192817720680427,
      "mse_std": 0.1797067964997149,
      "ssim_mean": 0.16405961240549158,
      "ssim_std": 0.1269679863197258,
      "time_mean_ms": 163.0064582824707,
      "time_std_ms": 128.851996401133,
      "frame_mse": [
        0.3497899277048958,
        0.31531840850218684,
        0.3253140214987116,
        0.319764604200078,
        0.3019986511162895,
        0.3060593024936498,
        0.3255245951523982,
        0.310484665876132
      ],
      "frame_ssim": [
        0.161408414915004,
        0.16873340554249716,
        0.1628592917791262,
        0.15911943668186448,
        0.15505330002917025,
        0.1681445623665752,
        0.16412984373943232,
        0.17302864419026306
      ]
    }
  }
}