{
  "motion_types": {
    "linear": {
      "mse_mean": 0.005055640646680262,
      "mse_std": 0.0029099205582904675,
      "ssim_mean": 0.9135485114471453,
      "ssim_std": 0.02404584237397491,
      "temporal_consistency": 0.029227137565612793,
      "tracking_error": 3.7925868392749056,
      "frame_ssim": [
        0.9225547213271769,
        0.9214885153998067,
        0.9200718987019556,
        0.9161831673783623,
        0.9128665087025812,
        0.9092128413669027,
        0.9052060716950499,
        0.900804367005327
      ]
    },
    "oscillatory": {
      "mse_mean": 0.003612918984770794,
      "mse_std": 0.002060122955295731,
      "ssim_mean": 0.9199940971754849,
      "ssim_std": 0.021667724404817387,
      "temporal_consistency": 0.05235646292567253,
      "tracking_error": 2.1303844179743336,
      "frame_ssim": [
        0.9217716495921101,
        0.919563415224298,
        0.9181896670848871,
        0.9195800120224464,
        0.9203424227625615,
        0.9206292743167132,
        0.9197763106081841,
        0.9201000257926784
      ]
    },
    "random_walk": {
      "mse_mean": 0.0036816692068582153,
      "mse_std": 0.0022988272171383215,
      "ssim_mean": 0.9199153328472895,
      "ssim_std": 0.022281466253236213,
      "temporal_consistency": 0.019318636506795883,
      "tracking_error": 1.3288572570263866,
      "frame_ssim": [
        0.9215530786851822,
        0.9213475140505587,
        0.9205440806012075,
        0.9200220067001392,
        0.9194553352758079,
        0.9188152559108516,
        0.9188890481595733,
        0.9186963433949963
      ]
    },
    "circular": {
      "mse_mean": 0.004343500254830244,
      "mse_std": 0.0024764179430630346,
      "ssim_mean": 0.9160642527892636,
      "ssim_std": 0.022917597242214028,
      "temporal_consistency": 0.0750780999660492,
      "tracking_error": 3.2153965350552767,
      "frame_ssim": [
        0.9126631376115715,
        0.9151443802854058,
        0.9149538976805932,
        0.9170588760167668,
        0.9182929478012207,
        0.9170001485429392,
        0.9186123952470046,
        0.9147882391286067
      ]
    },
    "accelerating": {
      "mse_mean": 0.0038785142327020816,
      "mse_std": 0.0022768519547194054,
      "ssim_mean": 0.9192404680328816,
      "ssim_std": 0.02245436303013476,
      "temporal_consistency": 0.02093556337058544,
      "tracking_error": 1.8867718824529027,
      "frame_ssim": [
        0.9225547213271769,
        0.9233968972721364,
        0.9225602922205958,
        0.9217506961423045,
        0.920622911194978,
        0.9183469869205184,
        0.9152418409212391,
        0.9094493982641046
      ]
    },
    "stop_and_go": {
      "mse_mean": 0.004149520513175939,
      "mse_std": 0.002648684946359446,
      "ssim_mean": 0.9177205522755558,
      "ssim_std": 0.023511102585491224,
      "temporal_consistency": 0.021816108375787735,
      "tracking_error": 2.1583069166221858,
      "frame_ssim": [
        0.9211077155975828,
        0.9203988866072731,
        0.918899895374216,
        0.918552993944912,
        0.9178196693702688,
        0.9154730317994354,
        0.9153481428400225,
        0.9141640826707359
      ]
    }
  },
  "motion_speeds": {
    "1": {
      "mse_mean": 0.003378947189136919,
      "mse_std": 0.001927893795568079,
      "ssim_mean": 0.9212361198144774,
      "ssim_std": 0.02155674317071455,
      "temporal_consistency": 0.006139108445495367,
      "tracking_error": 0.9845873800916191,
      "frame_ssim": [
        0.9225547213271769,
        0.9227296932916231,
        0.9221621409943468,
        0.921513427317088,
        0.9209079047561985,
        0.9203531886364611,
        0.919971687738505,
        0.9196961944544213
      ]
    },
    "2": {
      "mse_mean": 0.0034916872764129254,
      "mse_std": 0.0019727156271087073,
      "ssim_mean": 0.9207428422043793,
      "ssim_std": 0.021670095026496406,
      "temporal_consistency": 0.012602592818439007,
      "tracking_error": 1.9599462709996285,
      "frame_ssim": [
        0.9225547213271769,
        0.92266073003192,
        0.9218133400358995,
        0.9212595522873798,
        0.9207687030385615,
        0.9201570752626655,
        0.9190152169512256,
        0.9177133987002054
      ]
    },
    "5": {
      "mse_mean": 0.004930149165081284,
      "mse_std": 0.0030541729008918095,
      "ssim_mean": 0.9144628121661733,
      "ssim_std": 0.02401268714130026,
      "temporal_consistency": 0.030332328751683235,
      "tracking_error": 3.585666060493254,
      "frame_ssim": [
        0.9225547213271769,
        0.9210580553688144,
        0.9204761593971511,
        0.9182577407335536,
        0.9148283532655164,
        0.9107420708521609,
        0.906205688000326,
        0.9015797083846868
      ]
    },
    "10": {
      "mse_mean": 0.010423788033754605,
      "mse_std": 0.004984827749027902,
      "ssim_mean": 0.8994348730792132,
      "ssim_std": 0.02710930078426939,
      "temporal_consistency": 0.052747346460819244,
      "tracking_error": 10.103634931826464,
      "frame_ssim": [
        0.9225547213271769,
        0.9198732283279114,
        0.9144965048678523,
        0.9051912824149588,
        0.895431845526665,
        0.8861101948863015,
        0.8790453279098969,
        0.8727758793729418
      ]
    },
    "15": {
      "mse_mean": 0.015623799313616122,
      "mse_std": 0.0059597861008994285,
      "ssim_mean": 0.8839406128469984,
      "ssim_std": 0.02538838564901826,
      "temporal_consistency": 0.0712607353925705,
      "tracking_error": 18.79690923357118,
      "frame_ssim": [
        0.9225547213271769,
        0.917803742399731,
        0.9049573251922136,
        0.8891389630263044,
        0.874624816647473,
        0.8672902713099756,
        0.8582843221355363,
        0.8368707407375766
      ]
    },
    "20": {
      "mse_mean": 0.0194147692015894,
      "mse_std": 0.007269207126933055,
      "ssim_mean": 0.8519270465255759,
      "ssim_std": 0.035712987862428956,
      "temporal_consistency": 0.08284255117177963,
      "tracking_error": 34.59095341726583,
      "frame_ssim": [
        0.9225547213271769,
        0.9135167850451719,
        0.8934727097812359,
        0.8775060843451047,
        0.8670871166306462,
        0.8470153547671839,
        0.7955439135533925,
        0.6987196867546958
      ]
    },
    "30": {
      "mse_mean": 0.028447215228899193,
      "mse_std": 0.010364200933611989,
      "ssim_mean": 0.7696461961885598,
      "ssim_std": 0.0312895742224323,
      "temporal_consistency": 0.08673420548439026,
      "tracking_error": 86.17322389111497,
      "frame_ssim": [
        0.9225547213271769,
        0.9035805205871305,
        0.8726093302902614,
        0.8554796505165987,
        0.7860765333955247,
        0.6361287435295113,
        0.5890621919262952,
        0.5916778779359798
      ]
    },
    "50": {
      "mse_mean": 0.033543496705700025,
      "mse_std": 0.01568669082329684,
      "ssim_mean": 0.7079862693793831,
      "ssim_std": 0.03316702356817842,
      "temporal_consistency": 0.06678485125303268,
      "tracking_error": 180.84986787598805,
      "frame_ssim": [
        0.9225547213271769,
        0.8838574906016481,
        0.8405228506151843,
        0.6449799604773494,
        0.5902310367837592,
        0.594374561946289,
        0.593113262199653,
        0.5942562710840051
      ]
    }
  },
  "sequence_lengths": {
    "2": {
      "mse_mean": 0.0033375747316204034,
      "mse_std": 0.0018540179601656743,
      "ssim_mean": 0.921808686961329,
      "ssim_std": 0.021295670043576458
    },
    "4": {
      "mse_mean": 0.003649803764199383,
      "mse_std": 0.0021067451754100963,
      "ssim_mean": 0.9202619074120952,
      "ssim_std": 0.021857875523319914
    },
    "8": {
      "mse_mean": 0.0049632999160593196,
      "mse_std": 0.0031543822578156797,
      "ssim_mean": 0.9143046796141815,
      "ssim_std": 0.023931946491806286
    },