{
  "snr_temporal": {
    "0": {
      "mse_mean": 0.3330652543460231,
      "mse_std": 0.046882761055928736,
      "ssim_mean": 0.2280336894338759,
      "ssim_std": 0.05169322868249521
    },
    "5": {
      "mse_mean": 0.2421363450524411,
      "mse_std": 0.05112685684338262,
      "ssim_mean": 0.30806774717665103,
      "ssim_std": 0.075345470317772
    },
    "10": {
      "mse_mean": 0.18239276606014843,
      "mse_std": 0.05344743273205569,
      "ssim_mean": 0.40467864265103565,
      "ssim_std": 0.10549861965291175
    },
    "15": {
      "mse_mean": 0.12722299376602064,
      "mse_std": 0.040048591686129224,
      "ssim_mean": 0.5303124042252523,
      "ssim_std": 0.09296538621745756
    },
    "20": {
      "mse_mean": 0.07278614677489126,
      "mse_std": 0.029945774916578658,
      "ssim_mean": 0.64449287767443,
      "ssim_std": 0.0758634206788719
    },
    "25": {
      "mse_mean": 0.033568956315546856,
      "mse_std": 0.017482956339445677,
      "ssim_mean": 0.7442837460130672,
      "ssim_std": 0.07111341974693622
    },
    "30": {
      "mse_mean": 0.01419248580759469,
      "mse_std": 0.0079537134735348,
      "ssim_mean": 0.8304381364699508,
      "ssim_std": 0.05345583446638887
    },
    "40": {
      "mse_mean": 0.005457945855388249,
      "mse_std": 0.0029400497974022234,
      "ssim_mean": 0.9051560809632287,
      "ssim_std": 0.028647164314893753
    }
  },
  "snr_original": {},
  "snr_classical": {
    "0": {
      "DGI": {
        "mse_mean": 0.21985212624956083,
        "mse_std": 0.039768603727398974,
        "ssim_mean": 0.022698837518346934,
        "ssim_std": 0.009620112711833726
      },
      "PI": {
        "mse_mean": 0.2173556200399725,
        "mse_std": 0.02621664764050941,
        "ssim_mean": 0.017431405755552024,
        "ssim_std": 0.0077661113435559355
      },
      "FISTA": {
        "mse_mean": 0.2874386985145,
        "mse_std": 0.027649445377640452,
        "ssim_mean": 0.18643121656248346,
        "ssim_std": 0.044268023738849825
      }
    },
    "5": {
      "DGI": {
        "mse_mean": 0.237266038378372,
        "mse_std": 0.04828629768319043,
        "ssim_mean": 0.02472466115478325,
        "ssim_std": 0.007990540870598107
      },
      "PI": {
        "mse_mean": 0.21379829811497802,
        "mse_std": 0.023966971306592744,
        "ssim_mean": 0.01646505333760573,
        "ssim_std": 0.0069650563199374965
      },
      "FISTA": {
        "mse_mean": 0.24663916841175468,
        "mse_std": 0.03413766912816302,
        "ssim_mean": 0.18155547832972155,
        "ssim_std": 0.046215383580231355
      }
    },
    "10": {
      "DGI": {
        "mse_mean": 0.2151507684796068,
        "mse_std": 0.052406519654999345,
        "ssim_mean": 0.03163900634854454,
        "ssim_std": 0.008601086471096859
      },
      "PI": {
        "mse_mean": 0.20405497752718701,
        "mse_std": 0.025494520083250462,
        "ssim_mean": 0.02150459270834752,
        "ssim_std": 0.006606146656336588
      },
      "FISTA": {
        "mse_mean": 0.18694721097516281,
        "mse_std": 0.02558813498097839,
        "ssim_mean": 0.21944196662281507,
        "ssim_std": 0.037815723739572524
      }
    },
    "15": {
      "DGI": {
        "mse_mean": 0.20688915742109343,
        "mse_std": 0.04645030612305999,
        "ssim_mean": 0.0360671374934489,
        "ssim_std": 0.011222106518223633
      },
      "PI": {
        "mse_mean": 0.2057148709494056,
        "mse_std": 0.026754579763847104,
        "ssim_mean": 0.024516163039838203,
        "ssim_std": 0.008012579945337167
      },
      "FISTA": {
        "mse_mean": 0.14734444612614114,
        "mse_std": 0.0291753093783418,
        "ssim_mean": 0.21856452734435056,
        "ssim_std": 0.029810844010449707
      }
    },
    "20": {
      "DGI": {
        "mse_mean": 0.19986874476594868,
        "mse_std": 0.04063950598492719,
        "ssim_mean": 0.04371641791555807,
        "ssim_std": 0.007846581448591865
      },
      "PI": {
        "mse_mean": 0.18397761328431683,
        "mse_std": 0.019279730576561235,
        "ssim_mean": 0.0301574444940525,
        "ssim_std": 0.005568748843684628
      },
      "FISTA": {
        "mse_mean": 0.10458527548960292,
        "mse_std": 0.03119996767836166,
        "ssim_mean": 0.2390551148805645,
        "ssim_std": 0.04330236695191963
      }
    },
    "25": {
      "DGI": {
        "mse_mean": 0.21248534305829025,
        "mse_std": 0.044014203029392567,
        "ssim_mean": 0.04990411475486141,
        "ssim_std": 0.010393935058675889
      },
      "PI": {
        "mse_mean": 0.16161106285205146,
        "mse_std": 0.029019541515382812,
        "ssim_mean": 0.0417932559519345,
        "ssim_std": 0.008570621171064373
      },
      "FISTA": {
        "mse_mean": 0.06922079423213759,
        "mse_std": 0.02356834331082825,
        "ssim_mean": 0.26581288757244287,
        "ssim_std": 0.04437574326630505
      }
    },
    "30": {
      "DGI": {
        "mse_mean": 0.18991769660253222,
        "mse_std": 0.03756578835869193,
        "ssim_mean": 0.05332250316592051,
        "ssim_std": 0.012948666145601547
      },
      "PI": {
        "mse_mean": 0.12596022645977603,
        "mse_std": 0.02570630921330147,
        "ssim_mean": 0.05217431991757704,
        "ssim_std": 0.008718231246401318
      },
      "FISTA": {
        "mse_mean": 0.05437663648712173,
        "mse_std": 0.021239427509595284,
        "ssim_mean": 0.29377294708607404,
        "ssim_std": 0.04586013034368117
      }
    },
    "40": {
      "DGI": {
        "mse_mean": 0.1738522682704667,
        "mse_std": 0.03615023764385058,
        "ssim_mean": 0.056833630208248234,
        "ssim_std": 0.013246103419067248
      },
      "PI": {
        "mse_mean": 0.09852441164627855,
        "mse_std": 0.023181046411095772,
        "ssim_mean": 0.07018860987248102,
        "ssim_std": 0.011110970677378254
      },
      "FISTA": {
        "mse_mean": 0.046139945821934876,
        "mse_std": 0.01873169986065739,
        "ssim_mean": 0.33869532881941944,
        "ssim_std": 0.0533557902573705
      }
    }
  },
  "missing_temporal": {
    "0.0": {
      "mse_mean": 0.004416886074231845,
      "mse_std": 0.0028746318731335202,
      "ssim_mean": 0.9175722700049094,
      "ssim_std": 0.024668425689860815
    },
    "0.05": {
      "mse_mean": 0.07958297741070977,
      "mse_std": 0.030475290734622653,
      "ssim_mean": 0.6339301563380473,
      "ssim_std": 0.06842645445640377
    },
    "0.1": {
      "mse_mean": 0.11645648859347156,
      "mse_std": 0.03580228467373273,
      "ssim_mean": 0.5664258742632134,
      "ssim_std": 0.07050462243488909
    },
    "0.2": {
      "mse_mean": 0.157857728805796,
      "mse_std": 0.03972123054797464,
      "ssim_mean": 0.48905939686740146,
      "ssim_std": 0.07165468576741303
    },
    "0.3": {
      "mse_mean": 0.18610725428202868,
      "mse_std": 0.04355871021626556,
      "ssim_mean": 0.41349022582680306,
      "ssim_std": 0.07904623948491549
    },
    "0.4": {
      "mse_mean": 0.20657792198072078,
      "mse_std": 0.05082820273243348,
      "ssim_mean": 0.3519328064349837,
      "ssim_std": 0.08066538900343981
    },
    "0.5": {
      "mse_mean": 0.23399815515455594,
      "mse_std": 0.06369954594402576,
      "ssim_mean": 0.30799922127792434,
      "ssim_std": 0.08340065825859776
    }
  },
  "missing_original": {},
  "noise_type_temporal": {
    "No Noise": {
      "mse_mean": 0.004413634859215515,
      "mse_std": 0.002818506928688965,
      "ssim_mean": 0.9172194478275632,
      "ssim_std": 0.025161328937822622
    },
    "Gaussian (20dB)": {
      "mse_mean": 0.07420019663421369,
      "mse_std": 0.03153592756378803,
      "ssim_mean": 0.6446400909463386,
      "ssim_std": 0.07854927249881868
    },
    "Gaussian (10dB)": {
      "mse_mean": 0.17882996787742755,
      "mse_std": 0.04812486983435122,
      "ssim_mean": 0.40639383675248875,
      "ssim_std": 0.09507794393225773
    },